2.455136681447156705e+06,9.998834745531069990e-01,1.419696240205580546e-04,2.400000000000000000e+01,-5.386398845142004177e-02
2.455136682137070224e+06,1.000090555299236961e+00,1.332079404461200003e-04,2.500000000000000000e+01,-5.366956247694801285e-02
2.455136682833300438e+06,9.999600778470982831e-01,1.362114260095568553e-04,2.300000000000000000e+01,-5.347335626166042216e-02
2.455136683514385950e+06,1.000005738385873810e+00,1.757982788912474574e-04,2.300000000000000000e+01,-5.328141805968130557e-02
2.455136684195480309e+06,9.998955217674254659e-01,1.402964937635476402e-04,2.300000000000000000e+01,-5.308947740428925782e-02
2.455136684887178708e+06,9.998749809959309731e-01,1.388386647799860925e-04,2.400000000000000000e+01,-5.289454832014047619e-02
2.455136685587285552e+06,1.000235591145935077e+00,1.070435725573344143e-04,2.300000000000000000e+01,-5.269724973899399256e-02
2.455136686268379912e+06,1.000131442908205992e+00,1.359461540801612978e-04,2.300000000000000000e+01,-5.250530906077931215e-02
2.455136686949469615e+06,1.000467691617898058e+00,1.586133853618311169e-04,2.300000000000000000e+01,-5.231336964350581653e-02
2.455136687630563974e+06,9.999031979350848642e-01,1.164724264400477624e-04,2.300000000000000000e+01,-5.212142899381896899e-02
2.455136688311657868e+06,1.000069448133485528e+00,1.564308155009596669e-04,2.300000000000000000e+01,-5.192948832701591716e-02
2.455136689005410764e+06,9.999467915852718880e-01,1.235937897989164197e-04,2.400000000000000000e+01,-5.173398034067444584e-02
2.455136689703432843e+06,9.999676909530242908e-01,1.681173191900597625e-04,2.300000000000000000e+01,-5.153726926578040823e-02
2.455136690384535585e+06,9.999448745790203708e-01,1.421113435996808208e-04,2.300000000000000000e+01,-5.134532615697651181e-02
2.455136691067595500e+06,9.997720544244644847e-01,1.377655927290949791e-04,2.400000000000000000e+01,-5.115283149932192686e-02
2.455136691748688929e+06,9.999737321996295947e-01,1.144452423167671218e-04,2.400000000000000000e+01,-5.096089114299928724e-02
2.455136692443548702e+06,9.999355043362946338e-01,1.329585089203446919e-04,2.500000000000000000e+01,-5.076507109614467744e-02
2.455136693139253184e+06,1.000198391296472700e+00,1.654993983357265139e-04,2.400000000000000000e+01,-5.056901309275593087e-02
2.455136693820334040e+06,1.000038712152589326e+00,1.136900302413383141e-04,2.400000000000000000e+01,-5.037707625774571346e-02
2.455136694501422811e+06,9.998967081002891888e-01,1.193424520040011600e-04,2.400000000000000000e+01,-5.018513707701707099e-02
2.455136695182524621e+06,9.999392970890336185e-01,1.341897994374138630e-04,2.400000000000000000e+01,-4.999319436950718648e-02
2.455136695878803730e+06,1.000017822206546558e+00,1.072144502528790417e-04,2.500000000000000000e+01,-4.979697437506430679e-02
2.455136696573093068e+06,1.000067654830040009e+00,1.256162316387222531e-04,2.400000000000000000e+01,-4.960131516007523084e-02
2.455136697254178114e+06,9.999489972417139327e-01,1.089474552940285652e-04,2.400000000000000000e+01,-4.940937714947102322e-02
2.455136697935279459e+06,1.000285864654662182e+00,1.793422259812908954e-04,2.400000000000000000e+01,-4.921743445836535003e-02
2.455136698632692918e+06,1.000125643953882815e+00,1.043488955074090691e-04,2.500000000000000000e+01,-4.902089489783321291e-02
2.455136699325835798e+06,1.000372546695831755e+00,1.245432434654788329e-04,2.400000000000000000e+01,-4.882555878118107623e-02
2.455136700006911997e+06,1.000225956047863463e+00,1.357097670517405088e-04,2.400000000000000000e+01,-4.863362311629663287e-02
2.455136700688009616e+06,9.998333546589277532e-01,1.465748202812573167e-04,2.400000000000000000e+01,-4.844168158984733102e-02
2.455136701386271510e+06,9.999146534217036031e-01,1.006971051019223519e-04,2.500000000000000000e+01,-4.824490279813772875e-02
2.455136702078586444e+06,1.000015715178195208e+00,1.452072720078998271e-04,2.400000000000000000e+01,-4.804980006203640741e-02
2.455136702759679407e+06,1.000115999525923005e+00,1.391943064104766178e-04,2.400000000000000000e+01,-4.785785970571332371e-02
2.455136703458496369e+06,1.000032076268416947e+00,8.797545121939857990e-05,2.500000000000000000e+01,-4.766092455658196142e-02
2.455136704150239937e+06,9.998176003486562990e-01,1.282260761051435649e-04,2.400000000000000000e+01,-4.746598288027614743e-02
2.455136704831341282e+06,9.999724578143854847e-01,1.488269995868751196e-04,2.400000000000000000e+01,-4.727404017823433335e-02
2.455136705530473497e+06,1.000116216086276877e+00,1.656609923880859154e-04,2.500000000000000000e+01,-4.707701615511496185e-02
2.455136706221884582e+06,1.000096911189036542e+00,1.159509243704048452e-04,2.400000000000000000e+01,-4.688216807157319366e-02
2.455136706921145320e+06,9.999984811771660542e-01,1.471819124523031396e-04,2.500000000000000000e+01,-4.668510786948402991e-02
2.455136707612457220e+06,1.000062608141285336e+00,1.291967469170993924e-04,2.400000000000000000e+01,-4.649028774122676566e-02
2.455136708311600611e+06,9.999143919585944396e-01,1.235741482032834599e-04,2.500000000000000000e+01,-4.629326065784198502e-02
2.455136709003000520e+06,1.000160786214283837e+00,1.249432285024793074e-04,2.400000000000000000e+01,-4.609841565643805344e-02
2.455136709701871965e+06,1.000196489069382633e+00,1.447609298657213852e-04,2.500000000000000000e+01,-4.590146520817881687e-02
2.455136710410877597e+06,1.000233244219884243e+00,1.124761665161136133e-04,2.500000000000000000e+01,-4.570165876712607711e-02
2.455136711119744927e+06,9.998930587062734299e-01,1.077964811092642399e-04,2.500000000000000000e+01,-4.550189136933269901e-02
2.455136711852667388e+06,9.998582282517467501e-01,1.472477745408649658e-04,2.500000000000000000e+01,-4.529534481838581178e-02
2.455136712578023318e+06,1.000059538846950202e+00,1.233937676812833046e-04,2.600000000000000000e+01,-4.509093069565832390e-02
2.455136713300953619e+06,1.000138046673828107e+00,1.310763071220279945e-04,2.500000000000000000e+01,-4.488720016231056292e-02
2.455136714020765852e+06,1.000121705231262759e+00,1.423719676565084386e-04,2.600000000000000000e+01,-4.468434820392070544e-02
2.455136714750511572e+06,1.000307067476342349e+00,1.413836968950338388e-04,2.400000000000000000e+01,-4.447869697864422628e-02
2.455136715454634279e+06,1.000058621317964302e+00,1.444874163226993787e-04,2.500000000000000000e+01,-4.428026664549861158e-02
2.455136716163615696e+06,9.999664645034442856e-01,1.475693718153814175e-04,2.500000000000000000e+01,-4.408046710709243032e-02
2.455136716863950249e+06,1.000167780029680875e+00,8.637340303180254689e-05,2.400000000000000000e+01,-4.388310428674305902e-02
2.455136717553860042e+06,1.000024502001109150e+00,1.063458518297725303e-04,2.500000000000000000e+01,-4.368867925821561665e-02
2.455136718254510313e+06,9.999735237981163261e-01,1.619659787302826087e-04,2.400000000000000000e+01,-4.349122748864549942e-02
2.455136718935615849e+06,9.998561173487076070e-01,1.263213282735196267e-04,2.400000000000000000e+01,-4.329928363834930488e-02
2.455136719616696239e+06,9.998504495834165118e-01,1.479311595355023662e-04,2.400000000000000000e+01,-4.310734678693487615e-02
2.455136720307833981e+06,9.998533255749508797e-01,1.473470610730896301e-04,2.500000000000000000e+01,-4.291257585908581779e-02
2.455136721007269341e+06,9.997530584539445764e-01,1.410713494056018823e-04,2.400000000000000000e+01,-4.271546634723030061e-02
2.455136721688354388e+06,9.998901296855101650e-01,1.462669743228903652e-04,2.400000000000000000e+01,-4.252352834209549570e-02
2.455136722369443160e+06,9.997675066658592291e-01,1.578201033098528363e-04,2.400000000000000000e+01,-4.233158916683358447e-02
2.455136723050544504e+06,9.998959149139857727e-01,1.749235544542001415e-04,2.400000000000000000e+01,-4.213964648119524620e-02
2.455136723731637932e+06,9.998646403842146313e-01,1.414366735195207736e-04,2.400000000000000000e+01,-4.194770611940482757e-02
2.455136724424809683e+06,9.997730864517683225e-01,1.495829675330996372e-04,2.500000000000000000e+01,-4.175236189238844958e-02
2.455136725122211035e+06,1.000005427442028694e+00,9.187006053768350831e-05,2.400000000000000000e+01,-4.155582570157253380e-02
2.455136725803295616e+06,9.999026204689872577e-01,1.601923348858002162e-04,2.400000000000000000e+01,-4.136388769643609825e-02
2.455136726484380662e+06,9.999003558278428683e-01,1.590547214028221893e-04,2.400000000000000000e+01,-4.117194968036382713e-02
2.455136727165477816e+06,1.000079041424360105e+00,1.389881831563763415e-04,2.400000000000000000e+01,-4.098000815938377533e-02
2.455136727860356681e+06,1.000139720921809472e+00,1.237588748696244077e-04,2.500000000000000000e+01,-4.078418284871446198e-02
2.455136728556046728e+06,9.998369528409837281e-01,1.291129747977032706e-04,2.400000000000000000e+01,-4.058812891714517340e-02
2.455136729237131309e+06,9.999612289778019303e-01,1.324865189356533106e-04,2.400000000000000000e+01,-4.039619094481539108e-02
2.455136729918236844e+06,1.000076315072315536e+00,1.119060009045052260e-04,2.400000000000000000e+01,-4.020424706171240453e-02
2.455136730599313509e+06,9.997724995117138747e-01,1.335239085640748617e-04,2.400000000000000000e+01,-4.001231140776395634e-02
2.455136731295612641e+06,9.999413911076058259e-01,9.610820043178401237e-05,2.500000000000000000e+01,-3.981608584942904205e-02
2.455136731989894528e+06,1.000160092124815714e+00,1.183610600479064536e-04,2.400000000000000000e+01,-3.962042865514817797e-02
2.455136732670967001e+06,9.999285270286524252e-01,1.231094461408462071e-04,2.400000000000000000e+01,-3.942849417679195057e-02
2.455136733352059964e+06,9.998813206722622082e-01,1.515422353921091591e-04,2.400000000000000000e+01,-3.923655383140515346e-02
2.455136734049490653e+06,9.999472503772414145e-01,1.247320227663348356e-04,2.500000000000000000e+01,-3.904000944820652103e-02
2.455136734742624685e+06,9.999253131803508277e-01,1.387666102113925570e-04,2.400000000000000000e+01,-3.884467580850244767e-02
2.455136735423730221e+06,9.997572624607290459e-01,1.382835801428782126e-04,2.400000000000000000e+01,-3.865273192539916275e-02
2.455136736104814801e+06,1.000005747924930022e+00,1.489509498886131759e-04,2.400000000000000000e+01,-3.846079393666709118e-02
2.455136736803074367e+06,1.000063889789092109e+00,1.429773604612889879e-04,2.500000000000000000e+01,-3.826401586824743767e-02
2.455136737495379522e+06,1.000384996167374307e+00,1.182813420654739970e-04,2.400000000000000000e+01,-3.806891593016755587e-02
2.455136738176468294e+06,1.000000263091500807e+00,1.582185182434340967e-04,2.400000000000000000e+01,-3.787697672209869998e-02
2.455136738875296898e+06,9.997137159652802474e-01,1.090462596094066573e-04,2.500000000000000000e+01,-3.768003836682311258e-02
2.455136739567020442e+06,1.000284454714240878e+00,1.215450629002014210e-04,2.400000000000000000e+01,-3.748510228065512345e-02
2.455136740248109214e+06,1.000042377651696013e+00,1.521705503625441955e-04,2.400000000000000000e+01,-3.729316309445781380e-02
2.455136740947291721e+06,9.999502570802935031e-01,1.175969778808659398e-04,2.500000000000000000e+01,-3.709612499440055611e-02
2.455136741638686042e+06,1.000005421957773200e+00,1.368719747022139309e-04,2.400000000000000000e+01,-3.690128158305020639e-02
2.455136742337933276e+06,1.000004771653561164e+00,1.290261568667149244e-04,2.500000000000000000e+01,-3.670422520716115633e-02
2.455136743029258680e+06,1.000141740058886120e+00,1.201465305803335593e-04,2.400000000000000000e+01,-3.650940126363932947e-02
2.455136743728386238e+06,9.998746894015329012e-01,1.227426917520859360e-04,2.500000000000000000e+01,-3.631237857817666559e-02
2.455136744419801980e+06,9.998514940136788987e-01,1.633018793671734260e-04,2.400000000000000000e+01,-3.611752920618934576e-02
2.455136745118647814e+06,9.998686727461856272e-01,1.541038773036588626e-04,2.500000000000000000e+01,-3.592058587907331207e-02
2.455136745827668346e+06,9.999523824783820292e-01,1.468371949475974025e-04,2.500000000000000000e+01,-3.572077536992054880e-02
2.455136746536538005e+06,9.999625030950848315e-01,1.366075764852748967e-04,2.500000000000000000e+01,-3.552100721099961389e-02
2.455136747260324657e+06,9.997580599987335725e-01,1.334200957584474835e-04,2.600000000000000000e+01,-3.531703534106461068e-02
2.455136747994823381e+06,9.997376838758372797e-01,1.360837637720405992e-04,2.600000000000000000e+01,-3.511004459998190441e-02
2.455136748717748094e+06,9.997472315351904060e-01,1.496723343809762765e-04,2.500000000000000000e+01,-3.490631557879581015e-02
2.455136749437521677e+06,9.997899704611091787e-01,1.152451382698588587e-04,2.600000000000000000e+01,-3.470347462042620845e-02
2.455136750162587501e+06,9.997979938955232626e-01,1.255296441974060415e-04,2.500000000000000000e+01,-3.449914216869089806e-02
2.455136750871416647e+06,9.999089622446569736e-01,1.286257758096763981e-04,2.500000000000000000e+01,-3.429938557892071860e-02
2.455136751580419485e+06,1.000279632524104789e+00,1.557927825380874996e-04,2.500000000000000000e+01,-3.409957995148801130e-02
2.455136752280755434e+06,1.000115295264487392e+00,1.410520130332427156e-04,2.400000000000000000e+01,-3.390221664996614231e-02
2.455136752970661502e+06,9.997634050373704895e-01,1.454021384206989902e-04,2.500000000000000000e+01,-3.370779275350656995e-02
2.455136753671319690e+06,9.999735269020902928e-01,8.693457343235080252e-05,2.400000000000000000e+01,-3.351033870361345285e-02
2.455136754352416843e+06,9.998993092897237034e-01,1.422477998159735104e-04,2.400000000000000000e+01,-3.331839717716459509e-02
2.455136755030158907e+06,1.000081602382432155e+00,1.602418541345493970e-04,2.300000000000000000e+01,-3.312740119712665604e-02
2.455136755724643823e+06,1.000012472076877934e+00,1.218234071849188008e-04,2.500000000000000000e+01,-3.293168695026182230e-02
2.455136756424066611e+06,1.000075594043708049e+00,1.073475058549485197e-04,2.400000000000000000e+01,-3.273458107257631866e-02
2.455136757104370277e+06,9.999942741736032037e-01,1.521768543228537135e-04,2.300000000000000000e+01,-3.254286317906054243e-02
2.455136757786248811e+06,9.998867917653790904e-01,1.387516547753113634e-04,2.400000000000000000e+01,-3.235070156286286996e-02
2.455136758467333391e+06,9.999671474866737020e-01,1.109174043490454662e-04,2.400000000000000000e+01,-3.215876355225940481e-02
2.455136759148447309e+06,9.999487736268219962e-01,1.258668187062793157e-04,2.400000000000000000e+01,-3.196681732343694543e-02
2.455136759841612075e+06,9.999234388370622506e-01,1.106219058470814780e-04,2.500000000000000000e+01,-3.177147507797968562e-02
2.455136760539003648e+06,9.999773936633754579e-01,1.391907010815022876e-04,2.400000000000000000e+01,-3.157494160797839206e-02
2.455136761220084503e+06,1.000097592303897498e+00,1.617433181349054903e-04,2.400000000000000000e+01,-3.138300477843550956e-02
2.455136761901177466e+06,9.999936361802651552e-01,1.157341713389031215e-04,2.400000000000000000e+01,-3.119106441117791562e-02
2.455136762582270429e+06,9.997186865939622358e-01,1.380533131293492602e-04,2.400000000000000000e+01,-3.099912408219370266e-02
2.455136763277167920e+06,1.000086928470549141e+00,1.228994997949837368e-04,2.500000000000000000e+01,-3.080329353570519443e-02
2.455136763983445708e+06,1.000267321082995320e+00,1.472051343750552699e-04,2.300000000000000000e+01,-3.060425590541842808e-02
2.455136764653932769e+06,9.999589799902276477e-01,1.324120163654510869e-04,2.400000000000000000e+01,-3.041530449456682564e-02
2.455136765335017350e+06,9.998798041868202091e-01,1.607421133571221782e-04,2.400000000000000000e+01,-3.022336649489905727e-02
2.455136766016114503e+06,9.999297578296894029e-01,1.418874754906410747e-04,2.400000000000000000e+01,-3.003142499579055172e-02
2.455136766712424811e+06,9.998793309391708073e-01,1.583044131372757539e-04,2.500000000000000000e+01,-2.983519630020751295e-02
2.455136767406658269e+06,1.000117236560609024e+00,1.331503594726012464e-04,2.400000000000000000e+01,-2.963955280711235221e-02
2.455136768087767996e+06,9.999931236940943213e-01,1.387951102944392329e-04,2.400000000000000000e+01,-2.944760778122216746e-02
2.455136768768873997e+06,1.000093579617879369e+00,8.475745490554464532e-05,2.400000000000000000e+01,-2.925566388718392474e-02
2.455136769466275815e+06,9.995845932466658201e-01,1.519109276909830339e-04,2.500000000000000000e+01,-2.905912746302618740e-02
2.455136770159417298e+06,1.000164268653290112e+00,8.874780188233415698e-05,2.400000000000000000e+01,-2.886379173131296480e-02
2.455136770840502344e+06,1.000083508103104313e+00,1.297138980183131906e-04,2.400000000000000000e+01,-2.867185375351570184e-02
2.455136771521603689e+06,1.000133257835861711e+00,1.663823139521800835e-04,2.400000000000000000e+01,-2.847991102960234500e-02
2.455136772219869308e+06,9.999030498316084925e-01,1.610134017491236585e-04,2.500000000000000000e+01,-2.828313128998132669e-02
2.455136772912167944e+06,1.000241616511380549e+00,1.346746946052175466e-04,2.400000000000000000e+01,-2.808803301763518334e-02
2.455136773593257181e+06,9.998476492448720165e-01,1.360289234761329720e-04,2.400000000000000000e+01,-2.789609386424540816e-02
2.455136774292101152e+06,1.000156359942375728e+00,1.425276776679638307e-04,2.500000000000000000e+01,-2.769915111673398531e-02
2.455136774983825628e+06,1.000110369287471546e+00,1.639923961808440562e-04,2.400000000000000000e+01,-2.750421469855653459e-02
2.455136775664914399e+06,1.000031732786933247e+00,1.357118044857571744e-04,2.400000000000000000e+01,-2.731227552329462682e-02
2.455136776364081074e+06,9.996522497462274615e-01,1.182527553240528615e-04,2.500000000000000000e+01,-2.711524180716253299e-02
2.455136777055470273e+06,9.999799813273355653e-01,1.288599309432381004e-04,2.400000000000000000e+01,-2.692039988985432328e-02
2.455136777754720766e+06,9.999737075080791238e-01,1.050589732819843673e-04,2.500000000000000000e+01,-2.672334263932342122e-02
2.455136778446034528e+06,1.000111821134292311e+00,1.154908237235028126e-04,2.400000000000000000e+01,-2.652852192709757514e-02
2.455136779145183973e+06,9.999122059555010100e-01,1.388629959252356586e-04,2.500000000000000000e+01,-2.633149316529440412e-02
2.455136779836623929e+06,9.995708848587142592e-01,1.210403964620454916e-04,2.400000000000000000e+01,-2.613663691078145848e-02
2.455136780535463709e+06,9.997443856191449152e-01,9.876094919468846197e-05,2.500000000000000000e+01,-2.593969534825845205e-02
2.455136781244462356e+06,9.994109043518709656e-01,1.100863905829948099e-04,2.500000000000000000e+01,-2.573989090713567351e-02
2.455136781938761007e+06,9.992697251127494740e-01,1.531792679440220097e-04,2.400000000000000000e+01,-2.554422913710219234e-02
2.455136782677107025e+06,9.990695710794089690e-01,1.339908661230840433e-04,2.600000000000000000e+01,-2.533615413114453929e-02
2.455136783411592245e+06,9.988171109171540829e-01,1.211291053194346091e-04,2.600000000000000000e+01,-2.512916728150680831e-02
2.455136784134530462e+06,9.980760938911029667e-01,1.351590245705688712e-04,2.500000000000000000e+01,-2.492543445447679973e-02
2.455136784854323138e+06,9.981324328726574047e-01,1.429625451384693635e-04,2.600000000000000000e+01,-2.472258811592002725e-02
2.455136785579400603e+06,9.978112549992483871e-01,1.255410591267714412e-04,2.500000000000000000e+01,-2.451825251448624954e-02
2.455136786288230680e+06,9.975509898948715648e-01,1.431163053734232883e-04,2.500000000000000000e+01,-2.431849554152748158e-02
2.455136786997214891e+06,9.970710810163229132e-01,1.197112403918203883e-04,2.500000000000000000e+01,-2.411869514225855812e-02
2.455136787697544321e+06,9.970635989961676993e-01,1.216802301346770626e-04,2.400000000000000000e+01,-2.392133378664418331e-02
2.455136788387450855e+06,9.961457177476336078e-01,1.422647393349623843e-04,2.500000000000000000e+01,-2.372690967125137829e-02
2.455136789088108111e+06,9.962437049764574226e-01,1.588564341256817176e-04,2.400000000000000000e+01,-2.352945584029194140e-02
2.455136789769209921e+06,9.960401213754521699e-01,1.387556228886244235e-04,2.400000000000000000e+01,-2.333751316012211419e-02
2.455136790450298693e+06,9.955332816536479612e-01,1.453903449856597924e-04,2.400000000000000000e+01,-2.314557397392450963e-02
2.455136791141469497e+06,9.953515340398270128e-01,1.467000168862243675e-04,2.500000000000000000e+01,-2.295079365838787952e-02
2.455136791840850841e+06,9.950907699406079665e-01,1.303662972287890581e-04,2.400000000000000000e+01,-2.275369940125153076e-02
2.455136792521952186e+06,9.952983355514076758e-01,1.109146532941944735e-04,2.400000000000000000e+01,-2.256175672654977052e-02
2.455136793203049805e+06,9.945723513438592400e-01,1.331755990320163986e-04,2.400000000000000000e+01,-2.236981519463284232e-02
2.455136793884138577e+06,9.946910677371475495e-01,1.903219198664202812e-04,2.400000000000000000e+01,-2.217787600843568185e-02
2.455136794565215241e+06,9.946007688425165805e-01,1.536255092123936126e-04,2.400000000000000000e+01,-2.198594037088996700e-02
2.455136795258414466e+06,9.945040045613730006e-01,1.405347079136362598e-04,2.500000000000000000e+01,-2.179058833181031149e-02
2.455136795955792069e+06,9.943203051542056636e-01,1.323678417806449059e-04,2.400000000000000000e+01,-2.159405876652857256e-02
2.455136796636885498e+06,9.946363055634727113e-01,1.261829642582791729e-04,2.400000000000000000e+01,-2.140211843754495288e-02
2.455136797317961697e+06,9.942210989747648497e-01,1.075411498564115198e-04,2.400000000000000000e+01,-2.121018276172392802e-02
2.455136797999067232e+06,9.940515599171210193e-01,1.728489306459177741e-04,2.400000000000000000e+01,-2.101823890596055122e-02
2.455136798693974968e+06,9.943545819377319628e-01,1.232588818754829895e-04,2.500000000000000000e+01,-2.082240542475304393e-02
2.455136799389636144e+06,9.942647891324533083e-01,1.252306692316127183e-04,2.400000000000000000e+01,-2.062635968559304797e-02
2.455136800070712809e+06,9.943203864502058176e-01,1.272294437941018342e-04,2.400000000000000000e+01,-2.043442400977217230e-02
2.455136800751801580e+06,9.939684081642735647e-01,1.743528999002467821e-04,2.400000000000000000e+01,-2.024248485638180384e-02
2.455136801432902925e+06,9.941371944821724149e-01,1.785374006929777010e-04,2.400000000000000000e+01,-2.005054214340429297e-02
2.455136802129244898e+06,9.941034874005524324e-01,1.223164533449534817e-04,2.500000000000000000e+01,-1.985430454108907949e-02
2.455136802823455073e+06,9.936295667392887054e-01,1.626010160135482456e-04,2.400000000000000000e+01,-1.965866763634667794e-02
2.455136803504568990e+06,9.940065313065732377e-01,1.150908230331736343e-04,2.400000000000000000e+01,-1.946672141846080353e-02
2.455136804185654037e+06,9.941358078932592823e-01,1.478520031752706136e-04,2.400000000000000000e+01,-1.927478342425962762e-02
2.455136804883085191e+06,9.937977913860348567e-01,1.293906568502137125e-04,2.500000000000000000e+01,-1.907823878516396246e-02
2.455136805576209910e+06,9.940194464103958571e-01,1.779132617675438413e-04,2.400000000000000000e+01,-1.888290775254386489e-02
2.455136806257307064e+06,9.938286889788479073e-01,1.343227169582885609e-04,2.400000000000000000e+01,-1.869096623156367085e-02
2.455136806938400492e+06,9.938310865717140397e-01,1.669862039894647683e-04,2.400000000000000000e+01,-1.849902588070835921e-02
2.455136807636687532e+06,9.938337757242026171e-01,1.230719693945761279e-04,2.500000000000000000e+01,-1.830224001378510934e-02
2.455136808328964747e+06,9.936434306024413132e-01,1.516333160309438763e-04,2.400000000000000000e+01,-1.810714787967733844e-02
2.455136809010066092e+06,9.936932779664058302e-01,1.066227162925973895e-04,2.400000000000000000e+01,-1.791520517763552436e-02
2.455136809708904941e+06,9.935409772185727073e-01,1.158048543697629571e-04,2.500000000000000000e+01,-1.771826395063158185e-02
2.455136810400609858e+06,9.936958202132087914e-01,1.569820256923639627e-04,2.400000000000000000e+01,-1.752333308191082392e-02
2.455136811081707012e+06,9.935090114843282416e-01,1.534832972631091958e-04,2.400000000000000000e+01,-1.733139153905923283e-02
2.455136811780870892e+06,9.937513162247539888e-01,1.594134417970279028e-04,2.500000000000000000e+01,-1.713435869866060390e-02
2.455136812472288031e+06,9.934677000899418964e-01,1.301086034581444930e-04,2.400000000000000000e+01,-1.693950886299318628e-02
2.455136813171532005e+06,9.938443015044693407e-01,1.287960411998376545e-04,2.500000000000000000e+01,-1.674245338405469866e-02
2.455136813862843905e+06,9.936453049562649076e-01,1.057394665173924100e-04,2.400000000000000000e+01,-1.654763326236012230e-02
2.455136814561989158e+06,9.935764216865211607e-01,1.151439304188957828e-04,2.500000000000000000e+01,-1.635060558450746396e-02
2.455136815253399778e+06,9.934160619725561636e-01,1.389165912450236122e-04,2.400000000000000000e+01,-1.615575765625794705e-02
2.455136815952243283e+06,9.934172900206154067e-01,1.361509439663911403e-04,2.500000000000000000e+01,-1.595881501656350523e-02
2.455136816661252175e+06,9.935539697249435864e-01,1.411340976302844256e-04,2.500000000000000000e+01,-1.575900762541209560e-02
2.455136817370107397e+06,9.934953282288716547e-01,1.101010643262841082e-04,2.500000000000000000e+01,-1.555924359758094518e-02
2.455136818093885668e+06,9.935072546371217506e-01,1.329548884910264806e-04,2.600000000000000000e+01,-1.535527410733345324e-02
2.455136818828376476e+06,9.934738344885011285e-01,1.560576737824403775e-04,2.600000000000000000e+01,-1.514828567285283339e-02
2.455136819551320747e+06,9.932786344958173252e-01,1.682714391104220980e-04,2.500000000000000000e+01,-1.494455113076028838e-02
2.455136820271105040e+06,9.932081438479836155e-01,1.253710296322562735e-04,2.600000000000000000e+01,-1.474170711293828345e-02
2.455136820996172726e+06,9.931393081090518216e-01,1.236319646672450335e-04,2.500000000000000000e+01,-1.453737418797032901e-02
2.455136821705008391e+06,9.934142227113469392e-01,1.077854481657026001e-04,2.500000000000000000e+01,-1.433761574524709120e-02
2.455136822413989808e+06,9.931813988821559525e-01,1.109543806623860342e-04,2.500000000000000000e+01,-1.413781602312056372e-02
2.455136823114336468e+06,9.932505985670722071e-01,1.193406758317555415e-04,2.400000000000000000e+01,-1.394044984615142903e-02
2.455136823804259766e+06,9.931322272725892075e-01,1.433247218215219184e-04,2.500000000000000000e+01,-1.374602103538279628e-02
2.455136824504896533e+06,9.930950305998050842e-01,1.401346901399727412e-04,2.400000000000000000e+01,-1.354857307539244181e-02
2.455136825185997877e+06,9.934424106623286344e-01,1.700118061366291797e-04,2.400000000000000000e+01,-1.335663035694611978e-02
2.455136825867090840e+06,9.931622237251596097e-01,1.389199645609243670e-04,2.400000000000000000e+01,-1.316469003889967661e-02
2.455136826558274683e+06,9.932164872257501775e-01,1.507081327741212275e-04,2.500000000000000000e+01,-1.296990606710238594e-02
2.455136827257651836e+06,9.932150565115666074e-01,1.291001604714680031e-04,2.400000000000000000e+01,-1.277281312050722838e-02
2.455136827938736416e+06,9.931324407697103007e-01,1.478905573659048355e-04,2.400000000000000000e+01,-1.258087511537168447e-02
2.455136828619825188e+06,9.934094170063575424e-01,1.364992392837752709e-04,2.400000000000000000e+01,-1.238893594557769796e-02
2.455136829300922807e+06,9.930452317099875970e-01,1.529775843660122268e-04,2.400000000000000000e+01,-1.219699442459765137e-02
2.455136829982011579e+06,9.931955768619465941e-01,1.384861306742545949e-04,2.400000000000000000e+01,-1.200505525480307333e-02
2.455136830675228499e+06,9.930297920788616617e-01,1.185826567399502342e-04,2.500000000000000000e+01,-1.180969828391724256e-02
2.455136831372584682e+06,9.930727746485780161e-01,1.315895800232560586e-04,2.400000000000000000e+01,-1.161317484243825325e-02
2.455136832053673454e+06,9.931183700229561095e-01,1.109161736265611468e-04,2.400000000000000000e+01,-1.142123565624153514e-02
2.455136832734762691e+06,9.931584071392336455e-01,1.229783556518263899e-04,2.400000000000000000e+01,-1.122929649738368951e-02
2.455136833415838890e+06,9.929002410206774210e-01,1.585967038618961195e-04,2.400000000000000000e+01,-1.103736082156266639e-02
2.455136834110789932e+06,9.931282374740447727e-01,1.366814320346140994e-04,2.500000000000000000e+01,-1.084151515639618368e-02
2.455136834806428291e+06,9.931642560836279054e-01,1.395183981925971828e-04,2.400000000000000000e+01,-1.064547575056703187e-02
2.455136835487525910e+06,9.930329546934277829e-01,1.319529151838235131e-04,2.400000000000000000e+01,-1.045353422412039456e-02
2.455136836168602109e+06,9.929584857716305946e-01,1.358286015658834796e-04,2.400000000000000000e+01,-1.026159857017031919e-02
2.455136836849707644e+06,9.930188994014840231e-01,1.549377986014785231e-04,2.400000000000000000e+01,-1.006965471440679494e-02
2.455136837546036579e+06,9.929681504894419808e-01,1.362467128648599387e-04,2.500000000000000000e+01,-9.873420781692060846e-03
2.455136838240255602e+06,9.928756093513865233e-01,1.348686823709873892e-04,2.400000000000000000e+01,-9.677781361069707003e-03
2.455136838921344839e+06,9.929796616485105920e-01,1.347949333353698031e-04,2.400000000000000000e+01,-9.485842196744828300e-03
2.455136839602437802e+06,9.927906689333418910e-01,1.367131555541640901e-04,2.400000000000000000e+01,-9.293901862292397453e-03
2.455136840299909934e+06,9.926361039541764519e-01,1.251447628656634549e-04,2.500000000000000000e+01,-9.097345703257247312e-03
2.455136840993014630e+06,9.929329859134258252e-01,1.201486567237403867e-04,2.400000000000000000e+01,-8.902020301674085090e-03
2.455136841674112249e+06,9.927295924715379138e-01,1.621344878770358117e-04,2.400000000000000000e+01,-8.710078791628994566e-03
2.455136842355205212e+06,9.928921185158127161e-01,1.642554600744530681e-04,2.400000000000000000e+01,-8.518138457178340076e-03
2.455136843053469900e+06,9.926694393158033147e-01,1.541300237112836857e-04,2.500000000000000000e+01,-8.321358962955258121e-03
2.455136843745752703e+06,9.929189363360434450e-01,1.251683808404135858e-04,2.400000000000000000e+01,-8.126265153052555576e-03
2.455136844426841941e+06,9.929012244340627014e-01,1.617839740319480942e-04,2.400000000000000000e+01,-7.934325972323316364e-03
2.455136845125708263e+06,9.929078455040364348e-01,1.535238703715201909e-04,2.500000000000000000e+01,-7.737376852767710415e-03
2.455136845817427151e+06,9.927911696224636096e-01,1.459094203068465119e-04,2.400000000000000000e+01,-7.542442120665200818e-03
2.455136846498520114e+06,9.928693618113357822e-01,1.449832319286748644e-04,2.400000000000000000e+01,-7.350501769809596013e-03
2.455136847197679803e+06,9.926874855471435888e-01,1.169466185684253510e-04,2.500000000000000000e+01,-7.153470015550738095e-03
2.455136847889075987e+06,9.926810956819599463e-01,1.527307235825960043e-04,2.400000000000000000e+01,-6.958626114497157289e-03
2.455136848588319030e+06,9.927821392538395129e-01,1.516167842855075569e-04,2.500000000000000000e+01,-6.761570947445818582e-03
2.455136849279627670e+06,9.927432115153589365e-01,1.355159543670093089e-04,2.400000000000000000e+01,-6.566751705860814255e-03
2.455136849978770129e+06,9.926846285652040081e-01,1.109574835543658485e-04,2.500000000000000000e+01,-6.369724848627242482e-03
2.455136850670191925e+06,9.927174082412810741e-01,1.227119902537309956e-04,2.400000000000000000e+01,-6.174873764976052115e-03
2.455136851369034499e+06,9.927468733060478279e-01,1.256787862123195031e-04,2.500000000000000000e+01,-5.977931404143959314e-03
2.455136852078046184e+06,9.925015817492207626e-01,1.344032102533156332e-04,2.500000000000000000e+01,-5.778123325351316661e-03
2.455136852786907926e+06,9.929803594715335135e-01,1.180781118831320079e-04,2.500000000000000000e+01,-5.578357386826695609e-03
2.455136853520468809e+06,9.927043773107380176e-01,1.660733404767048070e-04,2.500000000000000000e+01,-5.371631064136437456e-03
2.455136854257082101e+06,9.929223670713686056e-01,1.344274218512467843e-04,2.500000000000000000e+01,-5.164044457492451487e-03
2.455136854982265737e+06,9.929075246663336962e-01,1.473666777081827971e-04,2.400000000000000000e+01,-4.959678785435794879e-03
2.455136855703024194e+06,9.927231255456316905e-01,1.298775020680616350e-04,2.500000000000000000e+01,-4.756560267947662277e-03
2.455136856430571061e+06,9.926776820154228353e-01,1.749774477750483382e-04,2.400000000000000000e+01,-4.551528755968388580e-03
2.455136857131368946e+06,9.927917682012675771e-01,1.426037513586770342e-04,2.300000000000000000e+01,-4.354035336875607294e-03
2.455136857822349761e+06,9.926362926195487768e-01,1.427756933684434858e-04,2.400000000000000000e+01,-4.159308551090183485e-03
2.455136858523164410e+06,9.926760744646688783e-01,1.577994843021034372e-04,2.300000000000000000e+01,-3.961810347510539947e-03
2.455136859213776886e+06,9.931346411308267230e-01,1.464647474309019868e-04,2.400000000000000000e+01,-3.767187395196695213e-03
2.455136859914955683e+06,9.929002543611491483e-01,1.402716789544540456e-04,2.300000000000000000e+01,-3.569586579147052824e-03
2.455136860596037004e+06,9.924867739475833339e-01,1.817477229611016358e-04,2.300000000000000000e+01,-3.377649615285411525e-03
2.455136861283879261e+06,9.927365814864220761e-01,1.284320837793406897e-04,2.400000000000000000e+01,-3.183807334146138146e-03
2.455136861975095700e+06,9.929455752238429689e-01,1.166135532268945690e-04,2.500000000000000000e+01,-2.989014029779042420e-03
2.455136862674447708e+06,9.927647047102755584e-01,1.687201292724460708e-04,2.400000000000000000e+01,-2.791928075502880802e-03
2.455136863355532754e+06,9.927690988429991314e-01,1.358319970124382333e-04,2.400000000000000000e+01,-2.599990064898823668e-03
2.455136864036625717e+06,9.927351810515734343e-01,1.507604091706638764e-04,2.400000000000000000e+01,-2.408049719512769023e-03
2.455136864717731252e+06,9.928784514284463292e-01,1.050080565691343813e-04,2.400000000000000000e+01,-2.216105852812363160e-03
2.455136865398803726e+06,9.928622048163787683e-01,1.303267191290593868e-04,2.400000000000000000e+01,-2.024171385392718129e-03
2.455136866092042066e+06,9.928200004481496643e-01,1.235306358175831043e-04,2.500000000000000000e+01,-1.828808330511293373e-03
2.455136866789368447e+06,9.926338863692748538e-01,1.594919363277160667e-04,2.400000000000000000e+01,-1.632293324214995067e-03
2.455136867470478173e+06,9.926076291589772671e-01,1.368379441345817990e-04,2.400000000000000000e+01,-1.440348270986528288e-03
2.455136868151566945e+06,9.926339418922459634e-01,1.104793704851340100e-04,2.400000000000000000e+01,-1.248409106660168131e-03
2.455136868832651991e+06,9.926123802437137877e-01,1.004799241567143418e-04,2.400000000000000000e+01,-1.056471096056702972e-03
2.455136869527612347e+06,9.928643814393989242e-01,1.564204607791239458e-04,2.500000000000000000e+01,-8.606227411327438404e-04
2.455136870221749414e+06,9.928946942437155698e-01,1.451757333652519810e-04,2.300000000000000000e+01,-6.650065184371162577e-04
2.455136870904318057e+06,9.924772554541382297e-01,9.951015355489834413e-05,2.400000000000000000e+01,-4.726503656442559986e-04
2.455136871585398447e+06,9.926868792128854535e-01,1.472400817046601068e-04,2.400000000000000000e+01,-2.807135306338952026e-04
2.455136872266491409e+06,9.928315401587274325e-01,1.569128887911679332e-04,2.400000000000000000e+01,-8.877320165057156487e-05
2.455136872962852009e+06,9.927256575152262341e-01,1.482367179945279494e-04,2.500000000000000000e+01,1.074696861337542887e-04
2.455136873657068703e+06,9.928417622403006293e-01,1.404043224066077651e-04,2.400000000000000000e+01,3.031083425645657021e-04
2.455136874338149093e+06,9.929849835158762739e-01,1.169958144637618419e-04,2.400000000000000000e+01,4.950451775750744918e-04
2.455136875019246712e+06,9.926501386101577173e-01,1.285618645767560176e-04,2.400000000000000000e+01,6.869866876197209269e-04
2.455136875716710463e+06,9.929224842633490589e-01,1.616463616276009557e-04,2.500000000000000000e+01,8.835405652388316931e-04
2.455136876409798395e+06,9.925520138689890581e-01,1.242819235860537577e-04,2.400000000000000000e+01,1.078861183742378270e-03
2.455136877074336167e+06,9.927536087675357113e-01,8.063476679671386694e-05,2.300000000000000000e+01,1.266136001132847242e-03
2.455136877771997359e+06,9.923573079928914575e-01,1.798810184361056502e-04,2.400000000000000000e+01,1.462745395828838777e-03
2.455136878470279742e+06,9.926658595130433138e-01,1.160222902917416079e-04,2.500000000000000000e+01,1.659529924872202777e-03
2.455136879162565805e+06,9.926697604033544176e-01,1.056701676614104268e-04,2.400000000000000000e+01,1.854624561517711047e-03
2.455136879843650386e+06,9.927991480927191859e-01,1.419210319683854977e-04,2.400000000000000000e+01,2.046562550250078608e-03
2.455136880542499479e+06,9.927746717820040701e-01,1.217748061285012218e-04,2.500000000000000000e+01,2.243506775400163494e-03
2.455136881234210450e+06,9.927041537348285649e-01,1.334968976449033245e-04,2.400000000000000000e+01,2.438439375687847296e-03
2.455136881915287115e+06,9.928135212931947784e-01,1.427128811798726116e-04,2.400000000000000000e+01,2.630375018701632591e-03
2.455136882614464965e+06,9.927783276419652747e-01,1.587190663057531882e-04,2.500000000000000000e+01,2.827411817404765562e-03
2.455136883305859752e+06,9.925299064238860547e-01,1.288478320786625309e-04,2.400000000000000000e+01,3.022255321708744447e-03
2.455136884005117696e+06,9.927002755915197429e-01,9.468041258589686567e-05,2.500000000000000000e+01,3.219314775137007562e-03
2.455136884696436580e+06,9.927760779302073901e-01,1.333393344593098351e-04,2.400000000000000000e+01,3.414136827648572847e-03
2.455136885395559017e+06,9.925583634301105018e-01,1.594532903799064194e-04,2.500000000000000000e+01,3.611158070903996813e-03
2.455136886086988263e+06,9.925936392394948404e-01,1.366022134005887218e-04,2.400000000000000000e+01,3.806011236285359537e-03
2.455136886785829440e+06,9.928776811550821257e-01,1.363879250253115238e-04,2.500000000000000000e+01,4.002953268607853908e-03
2.455136887494811323e+06,9.925112816447793085e-01,1.397029440855189204e-04,2.500000000000000000e+01,4.202753032728026063e-03
2.455136888203676324e+06,9.927063174108674559e-01,1.384652099419432210e-04,2.500000000000000000e+01,4.402519721884204026e-03
2.455136888927434105e+06,9.929399907898817101e-01,1.184846375640091548e-04,2.600000000000000000e+01,4.606483573119555044e-03
2.455136889661909081e+06,9.926956951810909091e-01,1.329254163044620593e-04,2.600000000000000000e+01,4.813467560955686508e-03
2.455136890384892467e+06,9.929333736706845714e-01,1.109550565971328072e-04,2.500000000000000000e+01,5.017213023321431993e-03
2.455136891104657203e+06,9.930538369387581499e-01,1.121125483173934833e-04,2.600000000000000000e+01,5.220051496212390479e-03
2.455136891829761211e+06,9.928153941193138543e-01,1.530548016550637173e-04,2.500000000000000000e+01,5.424394648363061941e-03
2.455136892538574990e+06,9.928106672117206211e-01,1.359942307558695306e-04,2.500000000000000000e+01,5.624147065049527744e-03
2.455136893247563858e+06,9.927376332105989354e-01,1.213119143303848467e-04,2.500000000000000000e+01,5.823948760861412735e-03
2.455136893947908189e+06,9.926463178528274200e-01,1.268003763067312919e-04,2.400000000000000000e+01,6.021314316679700525e-03
2.455136894637825433e+06,9.928853512149069527e-01,1.417376230588606779e-04,2.500000000000000000e+01,6.215741402223784115e-03
2.455136895338492934e+06,9.927798561029504976e-01,1.473332508616134989e-04,2.400000000000000000e+01,6.413198130063690883e-03
2.455136896019590553e+06,9.928558819173666228e-01,1.256507534655749438e-04,2.400000000000000000e+01,6.605139661979138495e-03
2.455136896700675134e+06,9.928369091723180384e-01,1.463066467491351953e-04,2.400000000000000000e+01,6.797077650711654158e-03
2.455136897391916718e+06,9.929402863295513360e-01,1.116139615264151192e-04,2.500000000000000000e+01,6.991877897312690805e-03
2.455136898091239855e+06,9.929844157703868746e-01,1.390135831268665689e-04,2.400000000000000000e+01,7.188955728292996568e-03
2.455136898772337008e+06,9.928298795857557479e-01,1.433472547284753140e-04,2.400000000000000000e+01,7.380897265677995207e-03
2.455136899453417864e+06,9.929663499566275808e-01,1.227756025558529942e-04,2.400000000000000000e+01,7.572834056944977021e-03
2.455136900134515017e+06,9.928538659599568383e-01,1.469146090511561033e-04,2.400000000000000000e+01,7.764775594328495074e-03
2.455136900815612171e+06,9.930428016364251098e-01,1.207862036909709830e-04,2.400000000000000000e+01,7.956717093437740487e-03
2.455136901507948525e+06,9.930976094329970749e-01,1.422744045800225195e-04,2.400000000000000000e+01,8.151825903094453082e-03
2.455136902205910534e+06,9.929752947845463806e-01,1.272435267594903847e-04,2.300000000000000000e+01,8.348520168985559819e-03
2.455136902887009084e+06,9.930809669175507670e-01,1.487878858792359045e-04,2.300000000000000000e+01,8.540462016850276783e-03
2.455136903568354901e+06,9.928918068786073414e-01,1.368795371607485956e-04,2.400000000000000000e+01,8.732473510606464373e-03
2.455136904249193147e+06,9.929388874732718584e-01,1.448508786086304817e-04,2.300000000000000000e+01,8.924342060988452174e-03
2.455136904930282850e+06,9.929067802477454796e-01,1.651952036413003352e-04,2.300000000000000000e+01,9.116281449734579823e-03
2.455136905625503510e+06,9.930555716232040142e-01,1.316331382506404600e-04,2.500000000000000000e+01,9.312203083626542990e-03
2.455136906321105547e+06,9.927645316891385852e-01,1.394001667789041097e-04,2.400000000000000000e+01,9.508232229750834819e-03
2.455136907002202701e+06,9.931112428926857083e-01,1.288203263917905243e-04,2.400000000000000000e+01,9.700173767135686007e-03
2.455136907683279365e+06,9.928701225278091513e-01,1.963796741561492246e-04,2.400000000000000000e+01,9.892109393745554882e-03
2.455136908379659522e+06,9.930161488239993561e-01,1.303404867393187744e-04,2.500000000000000000e+01,1.008835780233425725e-02
2.455136909073835239e+06,9.928730118167959917e-01,1.215116986375145352e-04,2.400000000000000000e+01,1.028398507639760595e-02
2.455136909754941240e+06,9.927805122172195240e-01,1.396814747732317760e-04,2.400000000000000000e+01,1.047592894856445335e-02
2.455136910436038394e+06,9.932307687818052733e-01,1.380967591334260293e-04,2.400000000000000000e+01,1.066787045314147343e-02
2.455136911133503076e+06,9.929415043788335504e-01,1.292677728682787826e-04,2.500000000000000000e+01,1.086442448211045152e-02
2.455136911826598458e+06,9.930897596543121209e-01,9.157436616674139243e-05,2.400000000000000000e+01,1.105974730045048739e-02
2.455136912507699803e+06,9.931102458779124120e-01,1.243978976756555108e-04,2.400000000000000000e+01,1.125168999702408357e-02
2.455136913188780658e+06,9.931134391902576297e-01,1.397782199373381060e-04,2.400000000000000000e+01,1.144362680469586911e-02
2.455136913887077011e+06,9.931904194529436181e-01,1.366309274339349861e-04,2.500000000000000000e+01,1.164041531150914431e-02
2.455136914579336531e+06,9.932493500185652913e-01,1.521757566888043878e-04,2.400000000000000000e+01,1.183550246547548923e-02
2.455136915260429494e+06,9.929827502386011640e-01,1.242679106122184234e-04,2.400000000000000000e+01,1.202744278899103847e-02
2.455136915959282778e+06,9.931363529784640320e-01,1.249842534515928512e-04,2.500000000000000000e+01,1.222438808868815847e-02
2.455136916650998406e+06,9.929772224275194015e-01,1.560524139142978046e-04,2.400000000000000000e+01,1.241932194374421351e-02
2.455136917332095560e+06,9.928823188735244054e-01,1.170581436292961224e-04,2.400000000000000000e+01,1.261126347019277637e-02
2.455136918031261303e+06,9.932294499360848627e-01,1.222715971019662279e-04,2.500000000000000000e+01,1.280829695733046864e-02
2.455136918722659815e+06,9.931682342254818385e-01,1.046871189463529256e-04,2.400000000000000000e+01,1.300314144388492466e-02
2.455136919421916362e+06,9.934343541856190951e-01,1.538330168951403186e-04,2.500000000000000000e+01,1.320020041898288879e-02
2.455136920113219880e+06,9.930966469312636491e-01,1.167554301795888799e-04,2.400000000000000000e+01,1.339501821464376442e-02
2.455136920812355354e+06,9.931900565858111651e-01,1.344172094365209255e-04,2.500000000000000000e+01,1.359204315309042906e-02
2.455136921503775753e+06,9.930756658263909520e-01,1.341305532602705150e-04,2.400000000000000000e+01,1.378689382621297276e-02
2.455136922202592250e+06,9.930575483846887375e-01,1.294817333105161266e-04,2.500000000000000000e+01,1.398382886030987045e-02
2.455136922911608592e+06,9.932537967146056745e-01,9.813315587839769075e-05,2.500000000000000000e+01,1.418363834587665906e-02
2.455136923620483838e+06,9.934023049388163162e-01,1.201430930855069317e-04,2.500000000000000000e+01,1.438340802180491061e-02
2.455136924344223458e+06,9.932775091288467140e-01,1.191475419661986612e-04,2.600000000000000000e+01,1.458736663034047171e-02
2.455136925078707747e+06,9.935527525730568632e-01,1.515969294422948193e-04,2.600000000000000000e+01,1.479435328818222081e-02
2.455136925801677629e+06,9.935919806272893728e-01,1.596091312601733130e-04,2.500000000000000000e+01,1.499809499800477432e-02
2.455136926521419082e+06,9.932285009656247610e-01,1.213535137320586043e-04,2.600000000000000000e+01,1.520092691186579123e-02
2.455136927246520761e+06,9.934869056753200534e-01,1.179321517498466111e-04,2.500000000000000000e+01,1.540526940019972847e-02
2.455136927955368068e+06,9.936818708399929312e-01,1.393456530122387667e-04,2.500000000000000000e+01,1.560503118663874103e-02
2.455136928664374165e+06,9.937063400345301778e-01,1.439219655618089540e-04,2.500000000000000000e+01,1.580483783765785841e-02
2.455136929364728741e+06,9.935119459403439768e-01,1.190361477501365782e-04,2.400000000000000000e+01,1.600220627307906082e-02
2.455136930058360100e+06,9.935325459936802384e-01,1.109049237785085566e-04,2.400000000000000000e+01,1.619767996808659308e-02
2.455136930755292997e+06,9.935632487213706954e-01,1.682101590573913531e-04,2.400000000000000000e+01,1.639408421943100436e-02
2.455136931436369661e+06,9.936533235098776728e-01,1.656020074184058057e-04,2.400000000000000000e+01,1.658601987338107972e-02
2.455136932117475197e+06,9.935482973779418137e-01,1.736334708704547652e-04,2.400000000000000000e+01,1.677796372367653180e-02
2.455136932808720972e+06,9.935473774918288647e-01,1.171746672493460128e-04,2.500000000000000000e+01,1.697276526288376761e-02
2.455136933508039918e+06,9.935608109811818744e-01,1.780991785029238715e-04,2.400000000000000000e+01,1.716984181219372019e-02
2.455136934189132880e+06,9.935833530137724301e-01,1.556601897044273077e-04,2.400000000000000000e+01,1.736178215211274176e-02
2.455136934870217461e+06,9.935907822072165274e-01,1.526878950727631780e-04,2.400000000000000000e+01,1.755372013537777678e-02
2.455136935551310889e+06,9.937470324930718357e-01,1.489024323059094863e-04,2.400000000000000000e+01,1.774566047529605936e-02
2.455136936232416425e+06,9.937086609084101463e-01,1.670687201287212285e-04,2.400000000000000000e+01,1.793760435839949000e-02
2.455136936925668735e+06,9.938785871500038782e-01,1.304429683346666920e-04,2.500000000000000000e+01,1.813297135583851957e-02
2.455136937622972764e+06,9.934584001935845565e-01,1.457474952695132797e-04,2.400000000000000000e+01,1.832948005745456757e-02
2.455136938304048963e+06,9.937430229265453718e-01,1.408930039115152168e-04,2.400000000000000000e+01,1.852141571140404966e-02
2.455136938985154498e+06,9.937135601089900350e-01,1.906785506110803636e-04,2.400000000000000000e+01,1.871335957263520200e-02
2.455136939666247927e+06,9.937242406615368617e-01,1.485698985428756638e-04,2.400000000000000000e+01,1.890529992349065935e-02
2.455136940347332507e+06,9.938109989915194786e-01,1.565168697971190041e-04,2.400000000000000000e+01,1.909723789035178143e-02
2.455136941042317543e+06,9.940925079437320511e-01,1.482110448324702094e-04,2.500000000000000000e+01,1.929309310527315899e-02
2.455136941737901419e+06,9.938019262608231985e-01,1.525506611055306926e-04,2.400000000000000000e+01,1.948911711618646694e-02
2.455136942418986000e+06,9.938751218248430552e-01,1.259398186484297411e-04,2.400000000000000000e+01,1.968105512132363802e-02
2.455136943100083154e+06,9.940714773482036692e-01,1.458144202327345392e-04,2.400000000000000000e+01,1.987299663136902692e-02
2.455136943796454463e+06,9.940738859882298772e-01,1.048321485566570222e-04,2.500000000000000000e+01,2.006924246458737654e-02
2.455136944490635302e+06,9.940341239915003735e-01,1.178898587837095597e-04,2.400000000000000000e+01,2.026487113295767986e-02
2.455136945171736646e+06,9.940954313144727550e-01,1.385345415471185353e-04,2.400000000000000000e+01,2.045681381312839872e-02
2.455136945852837991e+06,9.944347172392190570e-01,1.406574157910005392e-04,2.400000000000000000e+01,2.064875650423496009e-02
2.455136946550311055e+06,9.939679383309590888e-01,1.009448669851939517e-04,2.500000000000000000e+01,2.084531283977313076e-02
2.455136947243394330e+06,9.942359065626812376e-01,1.473144711842161350e-04,2.400000000000000000e+01,2.104063217048279810e-02
2.455136947927345056e+06,9.941513711846653445e-01,1.487662254842509455e-04,2.300000000000000000e+01,2.123337782335787613e-02
2.455136948605567683e+06,9.943087052612892274e-01,1.215675272589103841e-04,2.400000000000000000e+01,2.142450931807345429e-02
2.455136949303866364e+06,9.945624477423358201e-01,1.541473641761723589e-04,2.500000000000000000e+01,2.162129839376518772e-02
2.455136949996136595e+06,9.947487683225902932e-01,1.448443760450623962e-04,2.400000000000000000e+01,2.181638848376114478e-02
2.455136950677229557e+06,9.944652379882509274e-01,1.370909317118719376e-04,2.400000000000000000e+01,2.200832884008481830e-02
2.455136951376097277e+06,9.947674633925527310e-01,1.278582986974745859e-04,2.500000000000000000e+01,2.220527831505194130e-02
2.455136952067793813e+06,9.948750791414585626e-01,1.447281907324476317e-04,2.400000000000000000e+01,2.240020681924400139e-02
2.455136952748890966e+06,9.946298317950897916e-01,1.290238019656704950e-04,2.400000000000000000e+01,2.259214832928850211e-02
2.455136953448049724e+06,9.951096769396550190e-01,1.330306849670881409e-04,2.500000000000000000e+01,2.278917977187845320e-02
2.455136954139442649e+06,9.951420512156144982e-01,1.465460705212717947e-04,2.400000000000000000e+01,2.298402275979727349e-02
2.455136954838698264e+06,9.951989024204003220e-01,1.499696838681941564e-04,2.500000000000000000e+01,2.318108150130783127e-02
2.455136955530011095e+06,9.953995593239451933e-01,1.242877336294474181e-04,2.400000000000000000e+01,2.337590190908267473e-02
2.455136956229155418e+06,9.956928819147244925e-01,1.278380529918853666e-04,2.500000000000000000e+01,2.357292927985909711e-02
2.455136956920575351e+06,9.958948891236625300e-01,1.476789179179839638e-04,2.400000000000000000e+01,2.376777982809559833e-02
2.455136957619418856e+06,9.963758896006524868e-01,1.361893651815612532e-04,2.500000000000000000e+01,2.396472237789851190e-02
2.455136958328401670e+06,9.966395488694884675e-01,1.670449161176613679e-04,2.500000000000000000e+01,2.416452240972546267e-02
2.455136959037259687e+06,9.970395581040676358e-01,1.377422287833978223e-04,2.500000000000000000e+01,2.436428725642528562e-02
2.455136959761004895e+06,9.974266928384610820e-01,9.068949395953372931e-05,2.600000000000000000e+01,2.456824746676293525e-02
2.455136960495483130e+06,9.974768943363169216e-01,1.323359682386933498e-04,2.600000000000000000e+01,2.477523242872104597e-02
2.455136961218454875e+06,9.978333722799541672e-01,8.779876994054356071e-05,2.500000000000000000e+01,2.497897466830480140e-02
2.455136961938219611e+06,9.983410700391791570e-01,1.462029127303629496e-04,2.600000000000000000e+01,2.518181310344088514e-02
2.455136962663344108e+06,9.986369798285841259e-01,1.408483402457496019e-04,2.500000000000000000e+01,2.538616209891813441e-02
2.455136963372172788e+06,9.989674298761092031e-01,1.394551655303000778e-04,2.500000000000000000e+01,2.558591862569770115e-02
2.455136964081152808e+06,9.991154798797817760e-01,1.538482993975381419e-04,2.500000000000000000e+01,2.578571782815728894e-02
2.455136964781507850e+06,9.996237928519668969e-01,1.779158738504319631e-04,2.400000000000000000e+01,2.598308640793023372e-02
2.455136965471417643e+06,9.993636727729028335e-01,1.408875684126662138e-04,2.500000000000000000e+01,2.617751147210981358e-02
2.455136966172076296e+06,9.998269183443251329e-01,1.725656515092810256e-04,2.400000000000000000e+01,2.637496551893929106e-02
2.455136966853177641e+06,9.999503469394518396e-01,1.381710850830487089e-04,2.400000000000000000e+01,2.656690821551377368e-02
2.455136967534274794e+06,1.000295542156290240e+00,1.173974510177888317e-04,2.400000000000000000e+01,2.675884973649485590e-02
2.455136968225545250e+06,9.996924493209904394e-01,1.228875573728980706e-04,2.500000000000000000e+01,2.695365817681789553e-02
2.455136968924826942e+06,1.000016330251160213e+00,1.034213883666675315e-04,2.400000000000000000e+01,2.715072427089222987e-02
2.455136969605919905e+06,9.997712180375222246e-01,1.309247570639217068e-04,2.400000000000000000e+01,2.734266463268353320e-02
2.455136970287000760e+06,9.999155327579879460e-01,1.383300089886756472e-04,2.400000000000000000e+01,2.753460145128983072e-02
2.455136970968102105e+06,9.999104942609289282e-01,1.277100337401652658e-04,2.400000000000000000e+01,2.772654412599232995e-02
2.455136971649190877e+06,1.000222767379097988e+00,1.556739837228019732e-04,2.400000000000000000e+01,2.791848329578601809e-02
2.455136972342473920e+06,1.000267684937872437e+00,1.211551541108491376e-04,2.500000000000000000e+01,2.811385884214004718e-02
2.455136973039763980e+06,1.000034871572949902e+00,1.171558953330825611e-04,2.400000000000000000e+01,2.831036370268232363e-02
2.455136973720844369e+06,9.998024554036998301e-01,9.997252362482374178e-05,2.400000000000000000e+01,2.850230051035396173e-02
2.455136974401933607e+06,1.000138351891585176e+00,1.520715495757344368e-04,2.400000000000000000e+01,2.869423969108349584e-02
2.455136975083034951e+06,1.000004304441975300e+00,1.320377971308924587e-04,2.400000000000000000e+01,2.888618236578614426e-02
2.455136975764123723e+06,9.999260395752740394e-01,1.114395676213771351e-04,2.400000000000000000e+01,2.907812153011131787e-02
2.455136976459119003e+06,9.999063456814211159e-01,1.114695717511746570e-04,2.500000000000000000e+01,2.927397968871886871e-02
2.455136977154667489e+06,9.998016490413195179e-01,1.402802429308690842e-04,2.400000000000000000e+01,2.946999370785456304e-02
2.455136977835781407e+06,9.999695378053917727e-01,1.433046108380465350e-04,2.400000000000000000e+01,2.966193993667583587e-02
2.455136978516874369e+06,1.000049218214344782e+00,1.215996101534093637e-04,2.400000000000000000e+01,2.985388026565960473e-02
2.455136979213268962e+06,9.999299442596594201e-01,1.447492182868663718e-04,2.500000000000000000e+01,3.005013269620008046e-02
2.455136979907434899e+06,1.000131922517629057e+00,1.364601543712724429e-04,2.400000000000000000e+01,3.024575712390461038e-02
2.455136980588532053e+06,9.998282964915833348e-01,1.240085677505031010e-04,2.400000000000000000e+01,3.043769861754667613e-02
2.455136981269617099e+06,1.000173343373192969e+00,1.300092647264826189e-04,2.400000000000000000e+01,3.062963661174651978e-02
2.455136981950710062e+06,9.999884400879325286e-01,1.587577991805548614e-04,2.400000000000000000e+01,3.082157696260138732e-02
2.455136982648187317e+06,9.998494648940863261e-01,1.669657851382917951e-04,2.500000000000000000e+01,3.101813452819271802e-02
2.455136983341278508e+06,9.999204622115831498e-01,1.346788947086014507e-04,2.400000000000000000e+01,3.121345613375847705e-02
2.455136984022375662e+06,1.000031560207913950e+00,1.450096508917021157e-04,2.400000000000000000e+01,3.140539764927089555e-02
2.455136984720687382e+06,1.000160014579015488e+00,1.298743813906490263e-04,2.500000000000000000e+01,3.160219040484264774e-02
2.455136985412944574e+06,9.998512618754032966e-01,1.397728531773375380e-04,2.400000000000000000e+01,3.179727680949184787e-02
2.455136986094037537e+06,9.999524025843192776e-01,1.404479772265612063e-04,2.400000000000000000e+01,3.198921714941116434e-02
2.455136986792883836e+06,9.999449145111369841e-01,1.492435740505658383e-04,2.500000000000000000e+01,3.218616059943456981e-02
2.455136987484580837e+06,1.000028525220260756e+00,1.439595701586749202e-04,2.400000000000000000e+01,3.238108926153918793e-02
2.455136988165669609e+06,9.999106070987981987e-01,1.186294106878679012e-04,2.400000000000000000e+01,3.257302841492970558e-02
2.455136988864866085e+06,9.999816274972604946e-01,1.000564803135473366e-04,2.500000000000000000e+01,3.277007039192938315e-02
2.455136989556246437e+06,9.999482090241214038e-01,1.470996080983491907e-04,2.400000000000000000e+01,3.296490989899725221e-02
2.455136990255512297e+06,1.000194995877807358e+00,1.484782643781601896e-04,2.500000000000000000e+01,3.316197150720711501e-02
2.455136990946814884e+06,9.999361724094750770e-01,1.172943639162499235e-04,2.400000000000000000e+01,3.335678903734740075e-02
2.455136991645947564e+06,1.000201718101161319e+00,1.271241894674712510e-04,2.500000000000000000e+01,3.355381310749550039e-02
2.455136992337374948e+06,9.999643887166591583e-01,1.547486051901257045e-04,2.400000000000000000e+01,3.374866578076692741e-02
2.455136993036197033e+06,9.998313437983373797e-01,9.572759617173551381e-05,2.500000000000000000e+01,3.394560232115494819e-02
2.455136993745186366e+06,9.998222457382124340e-01,1.580963970204839382e-04,2.500000000000000000e+01,3.414540417444072995e-02
2.455136994454038795e+06,9.997937181927518679e-01,1.754932519243235602e-04,2.500000000000000000e+01,3.434516753037996500e-02
2.455136995177789591e+06,1.000337416744739194e+00,1.538219329948580785e-04,2.600000000000000000e+01,3.454912929244904896e-02
2.455136995912265964e+06,9.999125343836602342e-01,1.299741160111559627e-04,2.600000000000000000e+01,3.475611368406612139e-02
2.455136996635251679e+06,9.998376218865689946e-01,1.254056502284441770e-04,2.500000000000000000e+01,3.495985987647003135e-02
2.455136997354992665e+06,1.000099376984838750e+00,1.094442932906957572e-04,2.600000000000000000e+01,3.516269163830857553e-02
2.455136998080111574e+06,9.998397727212795516e-01,1.414776939629586725e-04,2.500000000000000000e+01,3.536703897141606212e-02
2.455136998788945377e+06,1.000341489919344351e+00,1.092535471809297497e-04,2.500000000000000000e+01,3.556679697320973277e-02
2.455136999497943092e+06,1.000055728438981717e+00,1.444142235017392955e-04,2.500000000000000000e+01,3.576660113612774999e-02
2.455137000198315363e+06,1.000084060923368545e+00,1.559268470416822622e-04,2.400000000000000000e+01,3.596397470632132359e-02
2.455137000888209790e+06,9.996702805787380797e-01,1.121916728310894785e-04,2.500000000000000000e+01,3.615839527874897125e-02
2.455137001588867046e+06,1.000104790565601753e+00,1.101809404266783089e-04,2.400000000000000000e+01,3.635584909855390373e-02
2.455137002269964665e+06,9.998352354645877460e-01,1.329085605822373907e-04,2.400000000000000000e+01,3.654779061953365021e-02
2.455137002951045055e+06,9.999669412999852014e-01,1.246741486189541042e-04,2.400000000000000000e+01,3.673972744360890635e-02
2.455137003642353229e+06,1.000046868933240019e+00,1.078577858081423730e-04,2.500000000000000000e+01,3.693454650298520076e-02
2.455137004341605585e+06,9.999541540824088415e-01,1.427763964927525060e-04,2.400000000000000000e+01,3.713160434559773654e-02
2.455137005022711121e+06,1.000085396549229122e+00,1.186915227176385751e-04,2.400000000000000000e+01,3.732354820135993373e-02
2.455137005703799892e+06,9.998233734068170397e-01,1.115620060551122088e-04,2.400000000000000000e+01,3.751548737115495413e-02
2.455137006384893321e+06,1.000077317950251121e+00,1.361064946311100923e-04,2.400000000000000000e+01,3.770742770560545770e-02
2.455137007065986283e+06,9.999996443046018646e-01,1.370924062013813228e-04,2.400000000000000000e+01,3.789936804005730048e-02
2.455137007759294473e+06,1.000002889454848942e+00,1.086370869774525808e-04,2.500000000000000000e+01,3.809475074298731417e-02
2.455137008456551004e+06,1.000108756835981660e+00,1.583877167343959410e-04,2.400000000000000000e+01,3.829124610123561118e-02
2.455137009137635585e+06,9.998927034338068731e-01,1.326552525268603401e-04,2.400000000000000000e+01,3.848318407903139615e-02
2.455137009818720166e+06,9.998746612854864102e-01,1.418319354646505710e-04,2.400000000000000000e+01,3.867512207869916452e-02
2.455137010499813594e+06,9.999439937084430019e-01,1.248390624807528733e-04,2.400000000000000000e+01,3.886706241861892508e-02
2.455137011180919129e+06,1.000017904814198388e+00,1.350703631822417329e-04,2.400000000000000000e+01,3.905900627438260025e-02
2.455137011875928380e+06,9.999479262436287152e-01,1.035506040413899009e-04,2.500000000000000000e+01,3.925486841907158131e-02
2.455137012571487576e+06,1.000199882537204488e+00,1.436869694538118439e-04,2.400000000000000000e+01,3.945088549474980860e-02
2.455137013252581004e+06,9.999064603560205988e-01,1.420854427923806619e-04,2.400000000000000000e+01,3.964282581279787721e-02
2.455137013933657203e+06,9.998987518720233725e-01,1.168741349658341557e-04,2.400000000000000000e+01,3.983476147768246628e-02
2.455137014630067162e+06,1.000067371931426585e+00,1.531634701359920370e-04,2.500000000000000000e+01,4.003101832954740480e-02
2.455137015330478083e+06,1.000067784035206797e+00,1.207055011080901939e-04,2.300000000000000000e+01,4.022840263783183934e-02
2.455137016005306505e+06,9.998056474380120351e-01,1.365452167549820607e-04,2.400000000000000000e+01,4.041857748385080384e-02
2.455137016686416231e+06,1.000001032545905888e+00,1.393043902183034772e-04,2.400000000000000000e+01,4.061052253161016173e-02
2.455137017367530148e+06,9.999402477290191271e-01,1.307797038886912599e-04,2.400000000000000000e+01,4.080246872215775866e-02
2.455137018065010663e+06,9.997408332796199337e-01,1.124203709766258405e-04,2.500000000000000000e+01,4.099902722166319513e-02
2.455137018758090213e+06,1.000055835608068655e+00,1.599899104328011187e-04,2.400000000000000000e+01,4.119434554759537903e-02
2.455137019439158496e+06,1.000252500834439617e+00,1.221827759225096240e-04,2.400000000000000000e+01,4.138627883942221780e-02
2.455137020137468353e+06,9.999350030054502403e-01,1.402292943651881106e-04,2.500000000000000000e+01,4.158307107248404577e-02
2.455137020829718560e+06,1.000266624339204879e+00,1.327117878792158725e-04,2.400000000000000000e+01,4.177815565939235753e-02
2.455137021510816179e+06,1.000049890587087598e+00,1.322637814856313652e-04,2.400000000000000000e+01,4.197009718037270076e-02
2.455137022209694143e+06,9.998417744347140035e-01,1.159460295462330046e-04,2.500000000000000000e+01,4.216704956599983539e-02
2.455137022901396733e+06,1.000008667218665659e+00,1.598856730012409091e-04,2.400000000000000000e+01,4.236197984003423761e-02
2.455137023582481779e+06,1.000226204349748071e+00,1.205498412621220717e-04,2.400000000000000000e+01,4.255391783970171454e-02
2.455137024281645659e+06,9.999908137602285807e-01,1.598984261246117042e-04,2.500000000000000000e+01,4.275095079186343183e-02
2.455137024973037653e+06,9.998712634820243750e-01,1.259838680631503898e-04,2.400000000000000000e+01,4.294579345127136349e-02
2.455137025672293734e+06,1.000087983528784363e+00,1.309399193079450639e-04,2.500000000000000000e+01,4.314285240581099828e-02
2.455137026363606099e+06,9.999811829026267196e-01,1.381605791309560463e-04,2.400000000000000000e+01,4.333767257321759908e-02
2.455137027062715031e+06,9.997604697574328236e-01,1.341953498071288861e-04,2.500000000000000000e+01,4.353469009547410173e-02
2.455137027754169889e+06,9.998229213160686468e-01,1.437858021273374855e-04,2.400000000000000000e+01,4.372955049769844393e-02
2.455137028452982660e+06,9.999362045630604268e-01,1.403212613648116027e-04,2.500000000000000000e+01,4.392648446381045013e-02
2.455137029161982704e+06,9.999228547759629881e-01,1.507818453219057948e-04,2.500000000000000000e+01,4.412628924612874842e-02
2.455137029870837927e+06,9.999834294013312253e-01,1.029179761476243789e-04,2.500000000000000000e+01,4.432605335269713259e-02
2.455137030594555195e+06,9.998385722945084542e-01,1.077560938731192961e-04,2.600000000000000000e+01,4.453000565698964075e-02
2.455137031329025514e+06,1.000071162637530042e+00,1.175321222447263983e-04,2.600000000000000000e+01,4.473698837291341379e-02
2.455137032052004244e+06,1.000290835879056317e+00,1.329888518121211994e-04,2.500000000000000000e+01,4.494073262837645216e-02
2.455137032771761995e+06,1.000172696657068760e+00,1.399792393708508683e-04,2.600000000000000000e+01,4.514356903249186481e-02
2.455137033496890683e+06,9.999576392064659647e-01,9.841268500546095641e-05,2.500000000000000000e+01,4.534791914563512938e-02
2.455137034205741715e+06,1.000009750981054157e+00,1.238680242796612492e-04,2.500000000000000000e+01,4.554768203964869311e-02
2.455137034914740827e+06,9.998701182753521044e-01,1.158667479323515962e-04,2.500000000000000000e+01,4.574748661200004479e-02
2.455137035615106579e+06,1.000185710301511932e+00,1.203536729167530451e-04,2.400000000000000000e+01,4.594485821485205790e-02
2.455137036304985173e+06,9.999622697742135413e-01,1.289449275029347299e-04,2.500000000000000000e+01,4.613927449762201399e-02
2.455137037005654071e+06,1.000149088201600867e+00,1.425732770177263900e-04,2.400000000000000000e+01,4.633673144789470649e-02
2.455137037686734460e+06,1.000077862310347010e+00,1.256362329567818365e-04,2.400000000000000000e+01,4.652866826650159382e-02
2.455137038367844187e+06,9.997238360465644513e-01,1.416414169690581799e-04,2.400000000000000000e+01,4.672061329785837103e-02
2.455137039059184957e+06,1.000007094276285979e+00,1.517488203878847124e-04,2.500000000000000000e+01,4.691544151133442142e-02
2.455137039758417290e+06,9.997977551015108100e-01,1.213938834411245981e-04,2.400000000000000000e+01,4.711249372115963036e-02
2.455137040439506061e+06,9.997902656514551234e-01,1.557548045462754129e-04,2.400000000000000000e+01,4.730443289642094484e-02
2.455137041117789224e+06,9.998139932457097423e-01,1.474157492555899416e-04,2.300000000000000000e+01,4.749558131014421786e-02
2.455137041801688261e+06,1.000033315098946884e+00,1.380994332282677473e-04,2.400000000000000000e+01,4.768831236785805311e-02
2.455137042482772842e+06,1.000021575181361477e+00,1.405795156023481943e-04,2.400000000000000000e+01,4.788025037846196236e-02
2.455137043176094536e+06,1.000110085277022387e+00,1.194946362793600426e-04,2.500000000000000000e+01,4.807563691699798247e-02
2.455137043873345945e+06,9.999107380205067841e-01,1.196928822901701821e-04,2.400000000000000000e+01,4.827213076348760984e-02
2.455137044554447290e+06,1.000113994567012332e+00,1.449979125392065061e-04,2.400000000000000000e+01,4.846407346552942391e-02
2.455137045235527679e+06,9.999242235674588031e-01,1.617764240025137404e-04,2.400000000000000000e+01,4.865601025679685415e-02
2.455137045916629024e+06,9.998891340831436159e-01,1.208438816302604091e-04,2.400000000000000000e+01,4.884795294243474834e-02
2.455137046597726643e+06,9.998576067136918377e-01,1.161284814230386107e-04,2.400000000000000000e+01,4.903989446888331466e-02
2.455137047292737756e+06,1.000201018394812680e+00,1.161576164808735310e-04,2.500000000000000000e+01,4.923575710743051392e-02
2.455137047988278326e+06,1.000140333884378618e+00,1.287992546649223944e-04,2.400000000000000000e+01,4.943176898687795529e-02
2.455137048669363372e+06,1.000235919531819784e+00,1.520816929787850962e-04,2.400000000000000000e+01,4.962370696467374026e-02
2.455137049343029968e+06,1.000183416522232527e+00,1.236611853715520730e-04,2.300000000000000000e+01,4.981355439310126282e-02
2.455137050040399190e+06,9.997384331672970470e-01,1.176731338895133371e-04,2.400000000000000000e+01,5.001008166383010684e-02
2.455137050734837539e+06,1.000280444072464414e+00,1.390970072767261237e-04,2.300000000000000000e+01,5.020578281724273617e-02
2.455137051415926777e+06,9.999860845722466918e-01,1.607621350688393630e-04,2.300000000000000000e+01,5.039772206334833943e-02
2.455137052097016014e+06,1.000028189719887939e+00,1.057024645593669394e-04,2.300000000000000000e+01,5.058966129233834902e-02
2.455137052778100595e+06,1.000131393180076600e+00,1.389848722314365281e-04,2.300000000000000000e+01,5.078159929462189998e-02
2.455137053476553410e+06,9.998581826675976281e-01,1.642745636144046111e-04,2.400000000000000000e+01,5.097843174304535901e-02
2.455137054169899784e+06,1.000064807764902142e+00,1.580081173750000280e-04,2.300000000000000000e+01,5.117382525393943810e-02
2.455137054850993678e+06,1.000153438667697570e+00,1.469413639624875506e-04,2.300000000000000000e+01,5.136576574386863409e-02
2.455137055550241843e+06,9.999863564233782975e-01,1.659873106959863895e-04,2.400000000000000000e+01,5.156282247061912821e-02
2.455137056242797058e+06,9.998947468569691077e-01,9.248225820222273185e-05,2.300000000000000000e+01,5.175799289565836958e-02
2.455137056923885830e+06,1.000042452845841812e+00,1.415902633427835924e-04,2.300000000000000000e+01,5.194993212464823346e-02
2.455137057626488153e+06,9.998891496346186125e-01,1.114087392545811355e-04,2.500000000000000000e+01,5.214793394479826788e-02
2.455137058318171185e+06,9.998888278353827985e-01,1.166084499312139010e-04,2.400000000000000000e+01,5.234285862978849124e-02
2.455137058999251574e+06,9.999997945315163284e-01,1.727870004569895463e-04,2.400000000000000000e+01,5.253479541558740001e-02
2.455137059698441066e+06,1.000344642332906542e+00,1.147605928159739686e-04,2.500000000000000000e+01,5.273183562733833873e-02
2.455137060389832594e+06,1.000261012444221276e+00,1.435576598004786517e-04,2.400000000000000000e+01,5.292667808071686159e-02
2.455137061089079361e+06,1.000098183483850489e+00,1.678622401651246716e-04,2.500000000000000000e+01,5.312373438574184009e-02
2.455137061780388467e+06,1.000101458291356771e+00,1.326181476732630864e-04,2.400000000000000000e+01,5.331855367041482552e-02
2.455137062479518820e+06,1.000096798717638569e+00,1.278512373065984504e-04,2.500000000000000000e+01,5.351557713034751224e-02
2.455137063170952257e+06,1.000077217313096734e+00,1.119418183863314040e-04,2.400000000000000000e+01,5.371043158942834239e-02
2.455137063795522787e+06,9.998464939233933091e-01,1.177758662008042564e-04,2.100000000000000000e+01,5.388644309949155997e-02
